timestamp,counts
2025-01-01T00:00:00+01:00,1067
2025-01-02T00:00:00+01:00,1522
2025-01-03T00:00:00+01:00,1775
2025-01-04T00:00:00+01:00,1525
2025-01-05T00:00:00+01:00,995
2025-01-06T00:00:00+01:00,1754
2025-01-07T00:00:00+01:00,3818
2025-01-08T00:00:00+01:00,2620
2025-01-09T00:00:00+01:00,4421
2025-01-10T00:00:00+01:00,4350
2025-01-11T00:00:00+01:00,2442
2025-01-12T00:00:00+01:00,1651
2025-01-13T00:00:00+01:00,4394
2025-01-14T00:00:00+01:00,4438
2025-01-15T00:00:00+01:00,3082
2025-01-16T00:00:00+01:00,4415
2025-01-17T00:00:00+01:00,4303
2025-01-18T00:00:00+01:00,2632
2025-01-19T00:00:00+01:00,1737
2025-01-20T00:00:00+01:00,4534
2025-01-21T00:00:00+01:00,4960
2025-01-22T00:00:00+01:00,5020
2025-01-23T00:00:00+01:00,4313
2025-01-24T00:00:00+01:00,4800
2025-01-25T00:00:00+01:00,3419
2025-01-26T00:00:00+01:00,2265
2025-01-27T00:00:00+01:00,3869
2025-01-28T00:00:00+01:00,5078
2025-01-29T00:00:00+01:00,4887
2025-01-30T00:00:00+01:00,4866
2025-01-31T00:00:00+01:00,4767
2025-02-01T00:00:00+01:00,2834
2025-02-02T00:00:00+01:00,2120
2025-02-03T00:00:00+01:00,4656
2025-02-04T00:00:00+01:00,4871
2025-02-05T00:00:00+01:00,4958
2025-02-06T00:00:00+01:00,4837
2025-02-07T00:00:00+01:00,4697
2025-02-08T00:00:00+01:00,3125
2025-02-09T00:00:00+01:00,2239
2025-02-10T00:00:00+01:00,4418
2025-02-11T00:00:00+01:00,4259
2025-02-12T00:00:00+01:00,4477
2025-02-13T00:00:00+01:00,3803
2025-02-14T00:00:00+01:00,3712
2025-02-15T00:00:00+01:00,2696
2025-02-16T00:00:00+01:00,1724
2025-02-17T00:00:00+01:00,4409
2025-02-18T00:00:00+01:00,4492
2025-02-19T00:00:00+01:00,4558
2025-02-20T00:00:00+01:00,4755
2025-02-21T00:00:00+01:00,5803
2025-02-22T00:00:00+01:00,3874
2025-02-23T00:00:00+01:00,2922
2025-02-24T00:00:00+01:00,4937
2025-02-25T00:00:00+01:00,4441
2025-02-26T00:00:00+01:00,4770
2025-02-27T00:00:00+01:00,4889
2025-02-28T00:00:00+01:00,4100
2025-03-01T00:00:00+01:00,2571
2025-03-02T00:00:00+01:00,2148
2025-03-03T00:00:00+01:00,3612
2025-03-04T00:00:00+01:00,3967
2025-03-05T00:00:00+01:00,4365
2025-03-06T00:00:00+01:00,4432
2025-03-07T00:00:00+01:00,4387
2025-03-08T00:00:00+01:00,3968
2025-03-09T00:00:00+01:00,4227
2025-03-10T00:00:00+01:00,4768
2025-03-11T00:00:00+01:00,5302
2025-03-12T00:00:00+01:00,4406
2025-03-13T00:00:00+01:00,4858
2025-03-14T00:00:00+01:00,4897
2025-03-15T00:00:00+01:00,2729
2025-03-16T00:00:00+01:00,2069
2025-03-17T00:00:00+01:00,5058
2025-03-18T00:00:00+01:00,5589
2025-03-19T00:00:00+01:00,6066
2025-03-20T00:00:00+01:00,6215
2025-03-21T00:00:00+01:00,6422
2025-03-22T00:00:00+01:00,4704
2025-03-23T00:00:00+01:00,2514
2025-03-24T00:00:00+01:00,5141
2025-03-25T00:00:00+01:00,5499
2025-03-26T00:00:00+01:00,4970
2025-03-27T00:00:00+01:00,5675
2025-03-28T00:00:00+01:00,6024
2025-03-29T00:00:00+01:00,3001
2025-03-30T00:00:00+01:00,2803
2025-03-31T00:00:00+02:00,5199
2025-04-01T00:00:00+02:00,5587
2025-04-02T00:00:00+02:00,5992
2025-04-03T00:00:00+02:00,6691
2025-04-04T00:00:00+02:00,6925
2025-04-05T00:00:00+02:00,5452
2025-04-06T00:00:00+02:00,3418
2025-04-07T00:00:00+02:00,5769
2025-04-08T00:00:00+02:00,6278
2025-04-09T00:00:00+02:00,6447
2025-04-10T00:00:00+02:00,6571
2025-04-11T00:00:00+02:00,6606
2025-04-12T00:00:00+02:00,6117
2025-04-13T00:00:00+02:00,2698
2025-04-14T00:00:00+02:00,4793
2025-04-15T00:00:00+02:00,5182
2025-04-16T00:00:00+02:00,5290
2025-04-17T00:00:00+02:00,3879
2025-04-18T00:00:00+02:00,1848
2025-04-19T00:00:00+02:00,3899
2025-04-20T00:00:00+02:00,2086
2025-04-21T00:00:00+02:00,1947
2025-04-22T00:00:00+02:00,4816
2025-04-23T00:00:00+02:00,4464
2025-04-24T00:00:00+02:00,4387
2025-04-25T00:00:00+02:00,3880
2025-04-26T00:00:00+02:00,4523
2025-04-27T00:00:00+02:00,5100
2025-04-28T00:00:00+02:00,7867
2025-04-29T00:00:00+02:00,8149
2025-04-30T00:00:00+02:00,8695
2025-05-01T00:00:00+02:00,7062
2025-05-02T00:00:00+02:00,8212
2025-05-03T00:00:00+02:00,4498
2025-05-04T00:00:00+02:00,1737
2025-05-05T00:00:00+02:00,6096
2025-05-06T00:00:00+02:00,6822
2025-05-07T00:00:00+02:00,7099
2025-05-08T00:00:00+02:00,6865
2025-05-09T00:00:00+02:00,7093
2025-05-10T00:00:00+02:00,6294
2025-05-11T00:00:00+02:00,5650
2025-05-12T00:00:00+02:00,7845
2025-05-13T00:00:00+02:00,8398
2025-05-14T00:00:00+02:00,8736
2025-05-15T00:00:00+02:00,7895
2025-05-16T00:00:00+02:00,7377
2025-05-17T00:00:00+02:00,5262
2025-05-18T00:00:00+02:00,5426
2025-05-19T00:00:00+02:00,8059
2025-05-20T00:00:00+02:00,7798
2025-05-21T00:00:00+02:00,5927
2025-05-22T00:00:00+02:00,6292
2025-05-23T00:00:00+02:00,6727
2025-05-24T00:00:00+02:00,5524
2025-05-25T00:00:00+02:00,2658
2025-05-26T00:00:00+02:00,7065
2025-05-27T00:00:00+02:00,7038
2025-05-28T00:00:00+02:00,5785
2025-05-29T00:00:00+02:00,4500
2025-05-30T00:00:00+02:00,7916
2025-05-31T00:00:00+02:00,6244
2025-06-01T00:00:00+02:00,4321
2025-06-02T00:00:00+02:00,4623
2025-06-03T00:00:00+02:00,6758
2025-06-04T00:00:00+02:00,4756
2025-06-05T00:00:00+02:00,7011
2025-06-06T00:00:00+02:00,6692
2025-06-07T00:00:00+02:00,3978
2025-06-08T00:00:00+02:00,1868
2025-06-09T00:00:00+02:00,4401
2025-06-10T00:00:00+02:00,5451
2025-06-11T00:00:00+02:00,5868
2025-06-12T00:00:00+02:00,6198
2025-06-13T00:00:00+02:00,5682
2025-06-14T00:00:00+02:00,5262
2025-06-15T00:00:00+02:00,2771
2025-06-16T00:00:00+02:00,5432
2025-06-17T00:00:00+02:00,6644
2025-06-18T00:00:00+02:00,7225
2025-06-19T00:00:00+02:00,5960
2025-06-20T00:00:00+02:00,6514
2025-06-21T00:00:00+02:00,5748
2025-06-22T00:00:00+02:00,5573
2025-06-23T00:00:00+02:00,7753
2025-06-24T00:00:00+02:00,8985
2025-06-25T00:00:00+02:00,9290
2025-06-26T00:00:00+02:00,7667
2025-06-27T00:00:00+02:00,8263
2025-06-28T00:00:00+02:00,6585
2025-06-29T00:00:00+02:00,5851
2025-06-30T00:00:00+02:00,8781
2025-07-01T00:00:00+02:00,8732
2025-07-02T00:00:00+02:00,9413
2025-07-03T00:00:00+02:00,7979
2025-07-04T00:00:00+02:00,8862
2025-07-05T00:00:00+02:00,7582
2025-07-06T00:00:00+02:00,4889
2025-07-07T00:00:00+02:00,6499
2025-07-08T00:00:00+02:00,6437
2025-07-09T00:00:00+02:00,7803
2025-07-10T00:00:00+02:00,8742
2025-07-11T00:00:00+02:00,8808
2025-07-12T00:00:00+02:00,7412
2025-07-13T00:00:00+02:00,5905
2025-07-14T00:00:00+02:00,6759
2025-07-15T00:00:00+02:00,7754
2025-07-16T00:00:00+02:00,6961
2025-07-17T00:00:00+02:00,8114
2025-07-18T00:00:00+02:00,8502
2025-07-19T00:00:00+02:00,6532
2025-07-20T00:00:00+02:00,5815
2025-07-21T00:00:00+02:00,6231
2025-07-22T00:00:00+02:00,7053
2025-07-23T00:00:00+02:00,8393
2025-07-24T00:00:00+02:00,6668
2025-07-25T00:00:00+02:00,5805
2025-07-26T00:00:00+02:00,4053
2025-07-27T00:00:00+02:00,2397
2025-07-28T00:00:00+02:00,4648
2025-07-29T00:00:00+02:00,6926
2025-07-30T00:00:00+02:00,6039
2025-07-31T00:00:00+02:00,6359
2025-08-01T00:00:00+02:00,3904
2025-08-02T00:00:00+02:00,2465
2025-08-03T00:00:00+02:00,3273
2025-08-04T00:00:00+02:00,4535
2025-08-05T00:00:00+02:00,5825
2025-08-06T00:00:00+02:00,6687
2025-08-07T00:00:00+02:00,7120
2025-08-08T00:00:00+02:00,6633
2025-08-09T00:00:00+02:00,5209
2025-08-10T00:00:00+02:00,4632
2025-08-11T00:00:00+02:00,5988
2025-08-12T00:00:00+02:00,6330
2025-08-13T00:00:00+02:00,6447
2025-08-14T00:00:00+02:00,6097
2025-08-15T00:00:00+02:00,5473
2025-08-16T00:00:00+02:00,4239
2025-08-17T00:00:00+02:00,3900
2025-08-18T00:00:00+02:00,5303
2025-08-19T00:00:00+02:00,6385
2025-08-20T00:00:00+02:00,4759
2025-08-21T00:00:00+02:00,3014
2025-08-22T00:00:00+02:00,4384
2025-08-23T00:00:00+02:00,3469
2025-08-24T00:00:00+02:00,3744
2025-08-25T00:00:00+02:00,5233
2025-08-26T00:00:00+02:00,6085
2025-08-27T00:00:00+02:00,4284
2025-08-28T00:00:00+02:00,2851
2025-08-29T00:00:00+02:00,4812
2025-08-30T00:00:00+02:00,3734
2025-08-31T00:00:00+02:00,3979
2025-09-01T00:00:00+02:00,4314
2025-09-02T00:00:00+02:00,5060
2025-09-03T00:00:00+02:00,5898
2025-09-04T00:00:00+02:00,4322
2025-09-05T00:00:00+02:00,5050
2025-09-06T00:00:00+02:00,4743
2025-09-07T00:00:00+02:00,4693
2025-09-08T00:00:00+02:00,4653
2025-09-09T00:00:00+02:00,4554
2025-09-10T00:00:00+02:00,4866
2025-09-11T00:00:00+02:00,5801
2025-09-12T00:00:00+02:00,5267
2025-09-13T00:00:00+02:00,5001
2025-09-14T00:00:00+02:00,2511
2025-09-15T00:00:00+02:00,6138
2025-09-16T00:00:00+02:00,6745
2025-09-17T00:00:00+02:00,7207
2025-09-18T00:00:00+02:00,7685
2025-09-19T00:00:00+02:00,7669
2025-09-20T00:00:00+02:00,5908
2025-09-21T00:00:00+02:00,3152
2025-09-22T00:00:00+02:00,3517
2025-09-23T00:00:00+02:00,5044
2025-09-24T00:00:00+02:00,4251
2025-09-25T00:00:00+02:00,4547
2025-09-26T00:00:00+02:00,5043
2025-09-27T00:00:00+02:00,3739
2025-09-28T00:00:00+02:00,3408
2025-09-29T00:00:00+02:00,6345
2025-09-30T00:00:00+02:00,6204
2025-10-01T00:00:00+02:00,6269
2025-10-02T00:00:00+02:00,5137
2025-10-03T00:00:00+02:00,2504
2025-10-04T00:00:00+02:00,3031
2025-10-05T00:00:00+02:00,1627
2025-10-06T00:00:00+02:00,5323
2025-10-07T00:00:00+02:00,5946
2025-10-08T00:00:00+02:00,6502
2025-10-09T00:00:00+02:00,5944
2025-10-10T00:00:00+02:00,5860
2025-10-11T00:00:00+02:00,4533
2025-10-12T00:00:00+02:00,3195
2025-10-13T00:00:00+02:00,6159
2025-10-14T00:00:00+02:00,6812
2025-10-15T00:00:00+02:00,6668
2025-10-16T00:00:00+02:00,6293
2025-10-17T00:00:00+02:00,6087
2025-10-18T00:00:00+02:00,4062
2025-10-19T00:00:00+02:00,3229
2025-10-20T00:00:00+02:00,5534
2025-10-21T00:00:00+02:00,5985
2025-10-22T00:00:00+02:00,4827
2025-10-23T00:00:00+02:00,4346
2025-10-24T00:00:00+02:00,5023
2025-10-25T00:00:00+02:00,3011
2025-10-26T00:00:00+01:00,2297
2025-10-27T00:00:00+01:00,2084
2025-10-28T00:00:00+01:00,3000
2025-10-29T00:00:00+01:00,4711
2025-10-30T00:00:00+01:00,4725
2025-10-31T00:00:00+01:00,4402
2025-11-01T00:00:00+01:00,2577
2025-11-02T00:00:00+01:00,1797
2025-11-03T00:00:00+01:00,6008
2025-11-04T00:00:00+01:00,6307
2025-11-05T00:00:00+01:00,6472
2025-11-06T00:00:00+01:00,6212
