date,tavg,tmin,tmax,prcp,snow,wdir,wspd,wpgt,pres,tsun
2025-01-01 00:00:00,5.2,-1.2,11.7,0,,,20.3,,1023.6,
2025-01-02 00:00:00,4.6,0.4,8,13,,,21.9,,1015.6,
2025-01-03 00:00:00,-0.9,-4.3,0.7,0,,,13.5,,1023.1,
2025-01-04 00:00:00,-3,-6,0.7,0,,,6,,1021.8,
2025-01-05 00:00:00,4.7,-1.5,8,7.3,,,20.3,,1005.2,
2025-01-06 00:00:00,7.1,3.8,12.6,4.4,,,21.3,,998.6,
2025-01-07 00:00:00,3.7,1.8,5.3,1.1,,,21,,1006.8,
2025-01-08 00:00:00,3,0.8,9.6,15.9,,,14,,1006,
2025-01-09 00:00:00,6.7,0.2,10.6,6,,,25.8,,1004.1,
2025-01-10 00:00:00,-0.5,-4.5,3.1,0,,,11.5,,1020.7,
2025-01-11 00:00:00,-3.2,-5.3,0.1,0,,,5.9,,1026.8,
2025-01-12 00:00:00,-2.1,-5.3,0.5,0,,,7.9,,1037.2,
2025-01-13 00:00:00,-3.7,-7.4,0.2,0,,,8.2,,1040.9,
2025-01-14 00:00:00,-3.6,-8.8,4.3,0,,,4.4,,1036.2,
2025-01-15 00:00:00,-0.1,-4.2,1.9,0.1,,,5.5,,1033.6,
2025-01-16 00:00:00,0.5,-2.4,4.3,0,,,10.3,,1035.8,
2025-01-17 00:00:00,-0.9,-3,3.2,0,,,5.8,,1036.8,
2025-01-18 00:00:00,-0.7,-4.5,3.6,0,,,5.7,,1031.1,
2025-01-19 00:00:00,-1.2,-5.2,5.8,0,,,4,,1023.4,
2025-01-20 00:00:00,0.4,-2.5,7.5,0,,,4.1,,1020.4,
2025-01-21 00:00:00,-0.3,-4.1,8.3,0,,,5.6,,1018.3,
2025-01-22 00:00:00,0.9,-4.7,8.4,0.3,,,10.3,,1010.9,
2025-01-23 00:00:00,3.9,0.9,7.5,1.5,,,19.6,,1010,
2025-01-24 00:00:00,6.5,1.1,11.4,0,,,16.9,,1013,
2025-01-25 00:00:00,7.9,4.2,11.4,0,,,13.8,,1009.4,
2025-01-26 00:00:00,5.5,2.5,7.6,0,,,19.3,,1010.3,
2025-01-27 00:00:00,7.6,5.1,11.6,4.7,,,23.7,,1001.6,
2025-01-28 00:00:00,5.4,3.5,8,2.5,,,16.6,,1000.5,
2025-01-29 00:00:00,4.8,-0.6,8.2,1.1,,,18.9,,1009.4,
2025-01-30 00:00:00,3.2,-1.5,9.2,0.1,,,8.5,,1016.5,
2025-01-31 00:00:00,1.5,-3,4.3,1.1,,,8.2,,1028.7,
2025-02-01 00:00:00,-0.7,-3.7,4.6,0,,,9.8,,1029.6,
2025-02-02 00:00:00,-0.9,-4.3,4.8,0,,,4.3,,1025.6,
2025-02-03 00:00:00,-1.2,-4.6,4.9,0,,,4.5,,1028.5,
2025-02-04 00:00:00,-1.2,-4.8,4.8,0,,,4.1,,1030.8,
2025-02-05 00:00:00,-0.4,-4.6,7,0,,,6,,1037.9,
2025-02-06 00:00:00,0.4,-0.4,1.3,0.1,,,12.3,,1037.3,
2025-02-07 00:00:00,1,-2.9,5.1,0,,,10.5,,1026.7,
2025-02-08 00:00:00,0.6,-4,10.4,0,,,6.3,,1022.9,
2025-02-09 00:00:00,1.1,-3.5,7.4,0,,,6.9,,1027.3,
2025-02-10 00:00:00,1.9,-2.4,7.9,3.5,,,5.4,,1024.4,
2025-02-11 00:00:00,4.2,1.9,6.1,7,,,7.9,,1021.3,
2025-02-12 00:00:00,7.2,5.5,10.9,7.9,,,11.9,,1017.4,
2025-02-13 00:00:00,2.6,-0.8,6.3,14.2,,,9.7,,1018,
2025-02-14 00:00:00,-2,-3.5,0.1,0.8,,,9.4,,1025.2,
2025-02-15 00:00:00,-1.2,-4.9,3,0,,,7.9,,1023.5,
2025-02-16 00:00:00,-0.8,-3.2,1.9,0,,,8,,1019.4,
2025-02-17 00:00:00,-2,-5.5,3.6,0,,,7.7,,1022.4,
2025-02-18 00:00:00,-2.4,-7.1,4.2,0,,,9.3,,1025,
2025-02-19 00:00:00,-1,-5.4,6.9,0,,,7,,1025.3,
2025-02-20 00:00:00,4.6,-2.1,14.2,0,,,9.3,,1025.9,
2025-02-21 00:00:00,6.3,1.1,15.8,0,,,7.6,,1024,
2025-02-22 00:00:00,6.3,0,14.3,0,,,8,,1021.2,
2025-02-23 00:00:00,7,1.8,12.2,0,,,7.2,,1029.6,
2025-02-24 00:00:00,6.5,0.7,12.5,0,,,10.9,,1025.1,
2025-02-25 00:00:00,7.7,4.6,11.3,4,,,10.8,,1015.5,
2025-02-26 00:00:00,4.3,1,7.2,0,,,17.6,,1017.9,
2025-02-27 00:00:00,3.2,0.6,8,0.9,,,14.1,,1019.7,
2025-02-28 00:00:00,2.1,-0.9,6.3,1.8,,,11.2,,1024,
2025-03-01 00:00:00,1.8,-1.7,6.2,0,,,12.4,,1029.3,
2025-03-02 00:00:00,1.8,-3.3,8.5,0,,,11.2,,1032.2,
2025-03-03 00:00:00,2,-3.4,10.5,0,,,4.9,,1029.2,
2025-03-04 00:00:00,2.1,-3.5,11.5,0,,,5,,1027,
2025-03-05 00:00:00,3.4,-3.2,14,0,,,6.3,,1025.8,
2025-03-06 00:00:00,4.3,-2.3,15,0,,,7.2,,1022.7,
2025-03-07 00:00:00,4.7,-1.4,14.5,0,,,6.8,,1019.5,
2025-03-08 00:00:00,4.6,-1.4,14.9,0,,,7.2,,1013.9,
2025-03-09 00:00:00,5.6,-1,16.3,0,,,6.2,,1005.4,
2025-03-10 00:00:00,4.6,-0.2,10,0.8,,,10.8,,1002.3,
2025-03-11 00:00:00,5.4,0.3,13.7,0.6,,,8.4,,1002.9,
2025-03-12 00:00:00,3.4,1.2,5.8,5.7,,,6,,999.4,
2025-03-13 00:00:00,3.1,1.5,4.9,1.4,,,6.7,,998.2,
2025-03-14 00:00:00,3,0.4,6,0,,,8,,1005.5,
2025-03-15 00:00:00,,,,0,,,,,,
2025-03-16 00:00:00,,,,0,,,,,,
2025-03-17 00:00:00,,,,0,,,,,,
2025-03-18 00:00:00,,,,0,,,,,,
2025-03-19 00:00:00,,,,0,,,,,,
2025-03-20 00:00:00,,,,0,,,,,,
2025-03-21 00:00:00,,,,0,,,,,,
2025-03-22 00:00:00,10.9,5.6,17.5,0,,,10.4,,1005.8,
2025-03-23 00:00:00,8.8,4,13,0,,,10,,1005,
2025-03-24 00:00:00,8.6,3.7,14.3,1.9,,,6.7,,1013.2,
2025-03-25 00:00:00,7.8,3,13.5,1.8,,,6.3,,1019,
2025-03-26 00:00:00,7.2,4.6,9.2,1.3,,,8.2,,1021,
2025-03-27 00:00:00,6.9,2.5,11.7,0,,,11.3,,1020.2,
2025-03-28 00:00:00,7,-0.2,14,0,,,6.7,,1012.5,
2025-03-29 00:00:00,7.7,4.5,11.2,0.7,,,12.7,,1014.6,
2025-03-30 00:00:00,6.5,0.5,11.9,0,,,15.5,,1019.5,
2025-03-31 00:00:00,5.9,4,8.4,0.1,,,13.5,,1023.4,
2025-04-01 00:00:00,5.8,1,10.3,0,,,17.2,,1023.2,
2025-04-02 00:00:00,8.9,4.1,14.7,0,,,20.9,,1019.2,
2025-04-03 00:00:00,10.4,4.5,17,0,,,11.4,,1021.5,
2025-04-04 00:00:00,10.4,2.8,18.5,0,,,8.2,,1018.9,
2025-04-05 00:00:00,10.8,3.1,18.5,0,,,8.5,,1014.6,
2025-04-06 00:00:00,5.1,1.1,8.5,0,,,15.4,,1021.4,
2025-04-07 00:00:00,3.7,-3,10.2,0,,,10.5,,1024.2,
2025-04-08 00:00:00,5.6,-1.7,12.6,0,,,8.5,,1025.7,
2025-04-09 00:00:00,6.8,-0.6,14,0,,,7.4,,1022.9,
2025-04-10 00:00:00,6.9,0.7,14,0,,,7.5,,1025.8,
2025-04-11 00:00:00,8.3,0.7,16.8,0,,,5.2,,1022.3,
2025-04-12 00:00:00,11.5,2.8,20.4,0,,,7.3,,1012.8,
2025-04-13 00:00:00,12.6,9,17.1,0.3,,,12.6,,1008.7,
2025-04-14 00:00:00,12.2,8.3,17.4,5.2,,,7.3,,1009.2,
2025-04-15 00:00:00,12.2,6.7,17.6,0.4,,,7.4,,1001.1,
2025-04-16 00:00:00,10.9,7,14.4,1.3,,,11.2,,1007.5,
2025-04-17 00:00:00,9.1,7.6,12.2,0.5,,,10.2,,1007.6,
2025-04-18 00:00:00,7.5,5.4,11.2,0,,,11,,1014.3,
2025-04-19 00:00:00,9.2,0.8,17.7,0,,,6.5,,1009.3,
2025-04-20 00:00:00,10.9,4.9,19.1,0.3,,,10.1,,1006.5,
2025-04-21 00:00:00,9.3,3,18,9.9,,,9,,1011.3,
2025-04-22 00:00:00,10.4,5.2,15.7,0,,,7.2,,1018,
2025-04-23 00:00:00,10.6,4.6,17.6,8.1,,,6.8,,1015.5,
2025-04-24 00:00:00,9.7,7.3,13.3,4.6,,,12.2,,1016.5,
2025-04-25 00:00:00,9.6,6.7,13.5,5.3,,,8.3,,1018.2,
2025-04-26 00:00:00,10.2,5.2,14.4,0,,,13.5,,1019.1,
2025-04-27 00:00:00,11,5.2,16.8,0,,,11.4,,1022,
2025-04-28 00:00:00,12.1,5.5,18.3,0,,,7.2,,1024.8,
2025-04-29 00:00:00,14,7,20.4,0,,,6.9,,1024.2,
2025-04-30 00:00:00,15.1,7.8,22.2,0,,,6,,1022.3,
2025-05-01 00:00:00,15.7,7.1,23.4,0,,,5.5,,1020,
2025-05-02 00:00:00,17.1,8.5,25.2,0,,,8.1,,1017.1,
2025-05-03 00:00:00,16.2,12.2,21.7,3.4,,,14.6,,1012.3,
2025-05-04 00:00:00,11,9.1,13.9,20.7,,,11.5,,1010.6,
2025-05-05 00:00:00,8,6.6,9.2,0.2,,,15.5,,1011.9,
2025-05-06 00:00:00,8.3,5.4,11.2,0,,,14.4,,1015.8,
2025-05-07 00:00:00,9.1,3.3,14.7,0,,,14.1,,1015.5,
2025-05-08 00:00:00,9.3,4.9,13.1,0,,,10.8,,1014.8,
2025-05-09 00:00:00,9.1,3.5,14,0,,,12.4,,1017.7,
2025-05-10 00:00:00,10.5,3.3,17.2,0,,,9.9,,1019.2,
2025-05-11 00:00:00,12.7,4,19.8,0,,,9.5,,1014.4,
2025-05-12 00:00:00,14,6.4,20.1,0,,,8.8,,1012.1,
2025-05-13 00:00:00,14.1,5.7,20.3,0,,,8.8,,1015.3,
2025-05-14 00:00:00,14.7,5.3,21.6,0,,,6.4,,1016.3,
2025-05-15 00:00:00,13,8.5,17.8,0,,,13.3,,1015.1,
2025-05-16 00:00:00,10.9,5.2,15,0,,,8.6,,1018.1,
2025-05-17 00:00:00,11.8,7.2,16,0,,,9.1,,1016.2,
2025-05-18 00:00:00,12.6,5.7,17.8,0,,,10.8,,1016.3,
2025-05-19 00:00:00,13.7,5.7,20.3,0,,,7.6,,1017.7,
2025-05-20 00:00:00,15.8,9,22.5,0.7,,,9.2,,1015,
2025-05-21 00:00:00,14.5,11.4,18.5,13.9,,,8.7,,1013.3,
2025-05-22 00:00:00,11.4,8.1,14.9,1.9,,,10.9,,1012.4,
2025-05-23 00:00:00,9.6,5.3,13.5,0,,,9.3,,1017,
2025-05-24 00:00:00,10.5,2.9,17.3,0,,,9.4,,1019.1,
2025-05-25 00:00:00,13.6,9.6,18.7,3.5,,,16.9,,1016.1,
2025-05-26 00:00:00,14,11.1,17.9,0.1,,,13.3,,1018.8,
2025-05-27 00:00:00,13.4,8.4,18.1,0.3,,,11,,1021.2,
2025-05-28 00:00:00,14.6,12.3,16.7,1.2,,,20.1,,1019.2,
2025-05-29 00:00:00,14.3,10,18.6,0.4,,,11.6,,1023.8,
2025-05-30 00:00:00,17.8,9.6,25.4,0,,,6.7,,1022.5,
2025-05-31 00:00:00,20.2,12.6,28.6,9,,,7.2,,1019.4,
2025-06-01 00:00:00,20.1,14.4,26.5,0,,,11.3,,1016,
2025-06-02 00:00:00,17.3,14.7,21.2,21.7,,,10.3,,1016.7,
2025-06-03 00:00:00,17.4,12.5,22,0.1,,,10.3,,1015.1,
2025-06-04 00:00:00,17,14.1,22.1,11.1,,,12.1,,1011.7,
2025-06-05 00:00:00,16.1,12.3,19.6,0,,,14.6,,1013.9,
2025-06-06 00:00:00,17.9,15.2,21,0.7,,,19.2,,1013.7,
2025-06-07 00:00:00,16.3,13.8,18.9,1.7,,,15.8,,1013.6,
2025-06-08 00:00:00,14.1,10.3,15.7,9.1,,,19.7,,1016.8,
2025-06-09 00:00:00,13.3,6.6,19.8,0,,,7.4,,1024.3,
2025-06-10 00:00:00,16.1,7.6,22.8,0,,,9.8,,1019.5,
2025-06-11 00:00:00,17.2,11.7,22.8,0,,,8.3,,1020.3,
2025-06-12 00:00:00,20.1,11.2,28.2,0,,,8.5,,1017.8,
2025-06-13 00:00:00,23.7,14.7,32.1,0,,,9.2,,1019.5,
2025-06-14 00:00:00,24.6,15.8,31.3,0,,,9.4,,1019,
2025-06-15 00:00:00,21.5,16.6,27.2,8.1,,,9.2,,1019.4,
2025-06-16 00:00:00,16.9,13.2,21,0,,,9.5,,1026.1,
2025-06-17 00:00:00,17.6,11.4,22.8,0,,,7.7,,1025.3,
2025-06-18 00:00:00,19.1,11,25.7,0,,,5.6,,1023,
2025-06-19 00:00:00,20.9,14,26.4,0,,,8.2,,1022.8,
2025-06-20 00:00:00,20.3,13.8,26,0,,,9.8,,1023,
2025-06-21 00:00:00,20.7,12.9,27.6,0,,,7.7,,1020.8,
2025-06-22 00:00:00,23.1,12.6,31.2,0,,,8.6,,1017.9,
2025-06-23 00:00:00,23.3,19,27,0.4,,,18.4,,1014.8,
2025-06-24 00:00:00,21.5,15.7,27,0,,,13.8,,1016.5,
2025-06-25 00:00:00,24.2,15.3,31.5,0,,,8.4,,1014.8,
2025-06-26 00:00:00,23,18.8,27.1,0.9,,,14.2,,1015.3,
2025-06-27 00:00:00,21.2,17.2,25,0,,,11.5,,1023.2,
2025-06-28 00:00:00,23.3,15.9,30.2,0,,,6.6,,1025.4,
2025-06-29 00:00:00,24.8,17.3,31,0,,,7.4,,1022.9,
2025-06-30 00:00:00,25.9,19.4,31.5,0,,,8.7,,1018.8,
2025-07-01 00:00:00,26,19,31.9,0,,,6,,1016.8,
2025-07-02 00:00:00,26.6,17.9,34.3,0,,,6.9,,1015.5,
2025-07-03 00:00:00,23.4,20.5,26.6,1.1,,,12.1,,1020.6,
2025-07-04 00:00:00,21.7,16.3,26.5,0,,,9,,1023.9,
2025-07-05 00:00:00,22.2,14.7,28.7,0,,,9.5,,1017.8,
2025-07-06 00:00:00,20.2,15.5,24.8,0.6,,,10.9,,1011.1,
2025-07-07 00:00:00,16.8,13.8,21.2,2.6,,,16.6,,1006.8,
2025-07-08 00:00:00,13.5,11.3,16.3,5.4,,,14,,1013.8,
2025-07-09 00:00:00,14.7,9.8,19.1,0,,,10.2,,1021.3,
2025-07-10 00:00:00,16.7,9.4,23,0,,,7.2,,1021.4,
2025-07-11 00:00:00,18.1,11.8,23.2,0,,,8.4,,1017.6,
2025-07-12 00:00:00,18.7,11.2,24.6,0,,,6.8,,1013.7,
2025-07-13 00:00:00,20.9,12.6,27.5,0,,,10,,1011.7,
2025-07-14 00:00:00,20.5,17.4,23.6,9,,,14.6,,1017,
2025-07-15 00:00:00,20.1,15.8,23.7,3.4,,,13,,1018.8,
2025-07-16 00:00:00,17.7,14.8,22.2,1.7,,,16.9,,1017.3,
2025-07-17 00:00:00,17.5,12.2,22.8,0,,,10.5,,1017.6,
2025-07-18 00:00:00,19.4,11.4,26.7,0,,,7.3,,1015,
2025-07-19 00:00:00,22,12.9,31.1,0.3,,,8.5,,1009.9,
2025-07-20 00:00:00,21.7,14.6,30.3,4.7,,,6.4,,1007.3,
2025-07-21 00:00:00,18.8,16.7,22.8,2.2,,,11.8,,1008,
2025-07-22 00:00:00,17.6,15.1,21.4,0.1,,,18.5,,1013.3,
2025-07-23 00:00:00,18.5,12.1,24.7,0,,,9.5,,1014.2,
2025-07-24 00:00:00,17.4,14.3,20.4,2.5,,,5.3,,1013.6,
2025-07-25 00:00:00,16.5,12.9,20.9,1.8,,,5.3,,1016,
2025-07-26 00:00:00,16.5,11.8,21,10.5,,,7.3,,1016,
2025-07-27 00:00:00,16.7,13.7,20.7,2,,,11,,1013.8,
2025-07-28 00:00:00,14.7,12.6,17.8,6.5,,,12,,1014.8,
2025-07-29 00:00:00,14.9,10.5,19.4,2.6,,,7.6,,1019,
2025-07-30 00:00:00,15.6,12.3,19.4,6.2,,,10.1,,1017.7,
2025-07-31 00:00:00,16.8,12.1,21.5,0.3,,,12.2,,1017.4,
2025-08-01 00:00:00,16.6,14.1,20.2,15.5,,,11.8,,1013.4,
2025-08-02 00:00:00,14.7,12.7,17.5,6.4,,,8.8,,1013.8,
2025-08-03 00:00:00,14.6,12.3,17.4,1,,,9.4,,1020,
2025-08-04 00:00:00,15.9,11,21.4,4.7,,,12.7,,1021.2,
2025-08-05 00:00:00,18.1,13.4,24.2,0,,,12,,1019.6,
2025-08-06 00:00:00,15.6,10.6,20.3,0,,,8.4,,1024.5,
2025-08-07 00:00:00,16.9,8.3,25,0,,,6.7,,1019.6,
2025-08-08 00:00:00,20.5,12.4,28.4,0,,,6.9,,1019.4,
2025-08-09 00:00:00,22.5,13.1,30.9,0,,,7.3,,1019.9,
2025-08-10 00:00:00,20.7,15.7,25.7,0,,,8.9,,1024.8,
2025-08-11 00:00:00,20.7,13.8,27.7,0,,,8.8,,1022.1,
2025-08-12 00:00:00,22.8,13.7,31.8,0,,,5.7,,1017.5,
2025-08-13 00:00:00,25,17.3,32.3,0,,,6.9,,1016.6,
2025-08-14 00:00:00,24.7,16.9,31.8,0,,,5.4,,1017.9,
2025-08-15 00:00:00,24.5,18.5,30.7,0,,,6,,1020.3,
2025-08-16 00:00:00,21.5,17.4,26.1,0.2,,,6.2,,1020.3,
2025-08-17 00:00:00,18.4,14.1,22.7,0,,,9.7,,1019.5,
2025-08-18 00:00:00,18.1,11.4,24.9,0,,,8.2,,1018,
2025-08-19 00:00:00,20.8,12.6,28,0,,,6.8,,1013.5,
2025-08-20 00:00:00,19.7,15.5,23.9,5.4,,,7.4,,1009.3,
2025-08-21 00:00:00,17.5,15.7,20.8,6.7,,,8.6,,1008.3,
2025-08-22 00:00:00,16.1,12.5,20.4,0,,,9.5,,1015.9,
2025-08-23 00:00:00,14.3,7.8,19.3,0,,,6.6,,1018.8,
2025-08-24 00:00:00,14.7,9.1,20.4,0,,,5.7,,1019.7,
2025-08-25 00:00:00,15.8,8.1,23.4,0,,,5.3,,1018.6,
2025-08-26 00:00:00,18.7,10.1,27.1,0,,,8.1,,1013.9,
2025-08-27 00:00:00,20.1,15.3,25.5,1.8,,,11.1,,1011.6,
2025-08-28 00:00:00,18,16.1,21.5,14.2,,,7.7,,1007.3,
2025-08-29 00:00:00,17.4,13.8,22.5,8.7,,,10.7,,1005.8,
2025-08-30 00:00:00,15.8,12.6,20.3,0,,,10.8,,1010.5,
2025-08-31 00:00:00,16.9,10.3,23.2,0,,,8,,1012.5,
2025-09-01 00:00:00,16.2,11.4,20.4,1.4,,,7.2,,1009.8,
2025-09-02 00:00:00,15.9,12.6,20,2.8,,,10.7,,1012.4,
2025-09-03 00:00:00,18.2,13.5,24.2,0,,,14.9,,1013.3,
2025-09-04 00:00:00,18.6,15.5,23.9,6.4,,,8.6,,1014.4,
2025-09-05 00:00:00,14.7,11.5,17.3,0.5,,,10.7,,1021.1,
2025-09-06 00:00:00,14.3,7.9,21,0.1,,,7.8,,1023.5,
2025-09-07 00:00:00,15.6,7.3,24.4,0,,,6.6,,1018.3,
2025-09-08 00:00:00,16.9,11.4,23.3,2.6,,,7.5,,1016,
2025-09-09 00:00:00,15.6,12.5,19.5,15.5,,,7.8,,1014,
2025-09-10 00:00:00,13.4,9.1,19,1.9,,,5.1,,1011.2,
2025-09-11 00:00:00,14.9,12,18.3,0.6,,,17.5,,1011.7,
2025-09-12 00:00:00,14.1,10,18.1,4.8,,,12.9,,1018.6,
2025-09-13 00:00:00,14.3,8.4,20.5,0.1,,,11.3,,1018.7,
2025-09-14 00:00:00,15.1,11.8,18.7,28.7,,,14.8,,1017.1,
2025-09-15 00:00:00,18.7,14.3,22.4,3.4,,,22.5,,1015.6,
2025-09-16 00:00:00,14,10.9,16.8,0,,,18.6,,1021.6,
2025-09-17 00:00:00,12.9,8.9,17.1,0,,,9.9,,1024.5,
2025-09-18 00:00:00,15.6,9.3,23.8,0,,,8.1,,1024.7,
2025-09-19 00:00:00,16.5,9.4,26.1,0,,,6,,1025,
2025-09-20 00:00:00,20.1,13.1,29.5,0,,,10,,1019.2,
2025-09-21 00:00:00,18.3,13,22.8,13.8,,,12.4,,1014.5,
2025-09-22 00:00:00,10.6,8.9,12.8,34,,,17.3,,1016,
2025-09-23 00:00:00,10.3,8.8,13.2,5.5,,,14.6,,1018.4,
2025-09-24 00:00:00,9.7,9.1,11.1,11.6,,,13.1,,1017.5,
2025-09-25 00:00:00,9.4,7.1,10.9,10.7,,,6.9,,1018.2,
2025-09-26 00:00:00,8.9,5,13.2,0.9,,,7.8,,1020.2,
2025-09-27 00:00:00,10.8,8.2,14.8,3.6,,,5,,1021.5,
2025-09-28 00:00:00,10.6,6.1,15.6,0,,,6.9,,1021.9,
2025-09-29 00:00:00,10.6,5.7,16.4,0,,,4.5,,1021.8,
2025-09-30 00:00:00,10.4,7.6,14.8,0,,,6.9,,1023.1,
2025-10-01 00:00:00,9.1,5.6,13.4,0,,,7.7,,1027.4,
2025-10-02 00:00:00,6.9,1.8,12.9,0,,,8.8,,1028.2,
2025-10-03 00:00:00,7.2,1.3,13.5,0,,,6.8,,1022.7,
2025-10-04 00:00:00,12.4,8.2,18.2,5.5,,,22.5,,1010.2,
2025-10-05 00:00:00,8.7,7.5,10.9,3,,,21.5,,1016.8,
2025-10-06 00:00:00,9.4,7,12.9,0.8,,,15.8,,1025.4,
2025-10-07 00:00:00,10.8,7.9,14.2,0.2,,,6.8,,1026.5,
2025-10-08 00:00:00,10.5,5.2,17.4,0,,,4.7,,1022.5,
2025-10-09 00:00:00,12,8.7,16,0.8,,,6.8,,1024.5,
2025-10-10 00:00:00,9.6,6.2,15.8,0,,,5.6,,1031.6,
2025-10-11 00:00:00,9.6,4.7,15.1,0,,,5.8,,1032.3,
2025-10-12 00:00:00,9.5,4.8,14.7,0,,,5.6,,1028.5,
2025-10-13 00:00:00,9.9,5,14.2,0,,,7.8,,1025.3,
2025-10-14 00:00:00,8.4,3,14.3,0,,,6.3,,1024.6,
2025-10-15 00:00:00,8,0.3,13.5,0,,,7.1,,1025.4,
2025-10-16 00:00:00,7.2,1.4,12.7,0,,,5.7,,1024.8,
2025-10-17 00:00:00,8.5,2,13,0,,,5.7,,1023.7,
2025-10-18 00:00:00,7.4,3.1,13,0,,,6.8,,1024.9,
2025-10-19 00:00:00,8.6,2.4,15.6,0,,,8.2,,1017.9,
2025-10-20 00:00:00,11.5,9.9,14.2,0.7,,,13.8,,1006.2,
2025-10-21 00:00:00,12.2,10.6,15.2,0.7,,,18.6,,1002.6,
2025-10-22 00:00:00,12.6,10.5,15.8,7.4,,,14.3,,1001.7,
2025-10-23 00:00:00,11.9,8.6,14.1,14.7,,,27.4,,994.3,
2025-10-24 00:00:00,7.2,5.5,9.5,6.3,,,23.8,,1006.8,
2025-10-25 00:00:00,8.1,6.1,10.8,1.6,,,20.2,,1006.1,
2025-10-26 00:00:00,6.4,4.9,7.6,3.3,,,21.5,,1009.6,
2025-10-27 00:00:00,6.4,4.8,8.8,6.1,,,26.3,,1007.7,
2025-10-28 00:00:00,9.2,6.2,12.5,0.6,,,21.9,,1014.6,
2025-10-29 00:00:00,10.3,4.4,16.7,0.1,,,10.6,,1009.7,
2025-10-30 00:00:00,10.6,4.4,13.7,2.1,,,14.9,,1011.3,
2025-10-31 00:00:00,8,1.9,15.2,0,,,7.5,,1015.9,
2025-11-01 00:00:00,11.5,6,17.8,0.1,,,10.2,,1014.5,
2025-11-02 00:00:00,9.9,7,11.6,9.6,,,11.9,,1015.4,
2025-11-03 00:00:00,7.6,4.4,11.3,0,,,13.1,,1023.5,
2025-11-04 00:00:00,6.5,1.4,15.2,0,,,6.5,,1024.1,
2025-11-05 00:00:00,6.5,1.6,14.4,0,,,6.3,,1019.9,
2025-11-06 00:00:00,4.3,-0.6,12.8,0,,,5.2,,1013.2,
